https://github.com/oomlout/oomlout_oomp_current_version_messy/tree/main/parts/oobb_part_tray_05_05_30,s4s,Oobb Part Tray 05 05 30
https://github.com/oomlout/oomlout_oomp_current_version_messy/tree/main/parts/oobb_part_tray_05_05_60,oobb_part_tray_05_05_60,Oobb Part Tray 05 05 60
https://github.com/oomlout/oomlout_oomp_current_version_messy/tree/main/parts/oobb_part_tray_05_05_60,,Oobb Part Tray 05 05 60
https://github.com/oomlout/oomlout_oomp_current_version_messy/tree/main/parts/oobb_part_tray_05_05_60,ca8677,Oobb Part Tray 05 05 60
https://github.com/oomlout/oomlout_oomp_current_version_messy/tree/main/parts/oobb_part_tray_05_05_60,7wh9z,Oobb Part Tray 05 05 60
https://github.com/oomlout/oomlout_oomp_current_version_messy/tree/main/parts/oobb_part_tray_05_05_90,oobb_part_tray_05_05_90,Oobb Part Tray 05 05 90
https://github.com/oomlout/oomlout_oomp_current_version_messy/tree/main/parts/oobb_part_tray_05_05_90,,Oobb Part Tray 05 05 90
https://github.com/oomlout/oomlout_oomp_current_version_messy/tree/main/parts/oobb_part_tray_05_05_90,e71898,Oobb Part Tray 05 05 90
https://github.com/oomlout/oomlout_oomp_current_version_messy/tree/main/parts/oobb_part_tray_05_05_90,90m1k,Oobb Part Tray 05 05 90
https://github.com/oomlout/oomlout_oomp_current_version_messy/tree/main/parts/oobb_part_tray_05_06_09,oobb_part_tray_05_06_09,Oobb Part Tray 05 06 09
https://github.com/oomlout/oomlout_oomp_current_version_messy/tree/main/parts/oobb_part_tray_05_06_09,,Oobb Part Tray 05 06 09
https://github.com/oomlout/oomlout_oomp_current_version_messy/tree/main/parts/oobb_part_tray_05_06_09,823c9b,Oobb Part Tray 05 06 09
https://github.com/oomlout/oomlout_oomp_current_version_messy/tree/main/parts/oobb_part_tray_05_06_09,52xsr,Oobb Part Tray 05 06 09
https://github.com/oomlout/oomlout_oomp_current_version_messy/tree/main/parts/oobb_part_tray_05_06_12,oobb_part_tray_05_06_12,Oobb Part Tray 05 06 12
https://github.com/oomlout/oomlout_oomp_current_version_messy/tree/main/parts/oobb_part_tray_05_06_12,,Oobb Part Tray 05 06 12
https://github.com/oomlout/oomlout_oomp_current_version_messy/tree/main/parts/oobb_part_tray_05_06_12,95ce65,Oobb Part Tray 05 06 12
https://github.com/oomlout/oomlout_oomp_current_version_messy/tree/main/parts/oobb_part_tray_05_06_12,5ufdx,Oobb Part Tray 05 06 12
https://github.com/oomlout/oomlout_oomp_current_version_messy/tree/main/parts/oobb_part_tray_05_06_15,oobb_part_tray_05_06_15,Oobb Part Tray 05 06 15
https://github.com/oomlout/oomlout_oomp_current_version_messy/tree/main/parts/oobb_part_tray_05_06_15,,Oobb Part Tray 05 06 15
https://github.com/oomlout/oomlout_oomp_current_version_messy/tree/main/parts/oobb_part_tray_05_06_15,b983bd,Oobb Part Tray 05 06 15
https://github.com/oomlout/oomlout_oomp_current_version_messy/tree/main/parts/oobb_part_tray_05_06_15,78l31,Oobb Part Tray 05 06 15
https://github.com/oomlout/oomlout_oomp_current_version_messy/tree/main/parts/oobb_part_tray_05_06_18,oobb_part_tray_05_06_18,Oobb Part Tray 05 06 18
https://github.com/oomlout/oomlout_oomp_current_version_messy/tree/main/parts/oobb_part_tray_05_06_18,,Oobb Part Tray 05 06 18
https://github.com/oomlout/oomlout_oomp_current_version_messy/tree/main/parts/oobb_part_tray_05_06_18,6befaf,Oobb Part Tray 05 06 18
https://github.com/oomlout/oomlout_oomp_current_version_messy/tree/main/parts/oobb_part_tray_05_06_18,47m3z,Oobb Part Tray 05 06 18
https://github.com/oomlout/oomlout_oomp_current_version_messy/tree/main/parts/oobb_part_tray_05_06_21,oobb_part_tray_05_06_21,Oobb Part Tray 05 06 21
https://github.com/oomlout/oomlout_oomp_current_version_messy/tree/main/parts/oobb_part_tray_05_06_21,,Oobb Part Tray 05 06 21
https://github.com/oomlout/oomlout_oomp_current_version_messy/tree/main/parts/oobb_part_tray_05_06_21,7b880a,Oobb Part Tray 05 06 21
https://github.com/oomlout/oomlout_oomp_current_version_messy/tree/main/parts/oobb_part_tray_05_06_21,4tiq2,Oobb Part Tray 05 06 21
https://github.com/oomlout/oomlout_oomp_current_version_messy/tree/main/parts/oobb_part_tray_05_06_24,oobb_part_tray_05_06_24,Oobb Part Tray 05 06 24
https://github.com/oomlout/oomlout_oomp_current_version_messy/tree/main/parts/oobb_part_tray_05_06_24,,Oobb Part Tray 05 06 24
https://github.com/oomlout/oomlout_oomp_current_version_messy/tree/main/parts/oobb_part_tray_05_06_24,949d46,Oobb Part Tray 05 06 24
https://github.com/oomlout/oomlout_oomp_current_version_messy/tree/main/parts/oobb_part_tray_05_06_24,5sr46,Oobb Part Tray 05 06 24
https://github.com/oomlout/oomlout_oomp_current_version_messy/tree/main/parts/oobb_part_tray_05_06_27,oobb_part_tray_05_06_27,Oobb Part Tray 05 06 27
https://github.com/oomlout/oomlout_oomp_current_version_messy/tree/main/parts/oobb_part_tray_05_06_27,,Oobb Part Tray 05 06 27
https://github.com/oomlout/oomlout_oomp_current_version_messy/tree/main/parts/oobb_part_tray_05_06_27,cf8895,Oobb Part Tray 05 06 27
https://github.com/oomlout/oomlout_oomp_current_version_messy/tree/main/parts/oobb_part_tray_05_06_27,83ij9,Oobb Part Tray 05 06 27
https://github.com/oomlout/oomlout_oomp_current_version_messy/tree/main/parts/oobb_part_tray_05_06_30,oobb_part_tray_05_06_30,Oobb Part Tray 05 06 30
https://github.com/oomlout/oomlout_oomp_current_version_messy/tree/main/parts/oobb_part_tray_05_06_30,,Oobb Part Tray 05 06 30
https://github.com/oomlout/oomlout_oomp_current_version_messy/tree/main/parts/oobb_part_tray_05_06_30,9851ce,Oobb Part Tray 05 06 30
https://github.com/oomlout/oomlout_oomp_current_version_messy/tree/main/parts/oobb_part_tray_05_06_30,5xyha,Oobb Part Tray 05 06 30
https://github.com/oomlout/oomlout_oomp_current_version_messy/tree/main/parts/oobb_part_tray_05_06_60,oobb_part_tray_05_06_60,Oobb Part Tray 05 06 60
https://github.com/oomlout/oomlout_oomp_current_version_messy/tree/main/parts/oobb_part_tray_05_06_60,,Oobb Part Tray 05 06 60
https://github.com/oomlout/oomlout_oomp_current_version_messy/tree/main/parts/oobb_part_tray_05_06_60,29aacb,Oobb Part Tray 05 06 60
https://github.com/oomlout/oomlout_oomp_current_version_messy/tree/main/parts/oobb_part_tray_05_06_60,1mj0r,Oobb Part Tray 05 06 60
https://github.com/oomlout/oomlout_oomp_current_version_messy/tree/main/parts/oobb_part_tray_05_06_90,oobb_part_tray_05_06_90,Oobb Part Tray 05 06 90
https://github.com/oomlout/oomlout_oomp_current_version_messy/tree/main/parts/oobb_part_tray_05_06_90,,Oobb Part Tray 05 06 90
https://github.com/oomlout/oomlout_oomp_current_version_messy/tree/main/parts/oobb_part_tray_05_06_90,da65d6,Oobb Part Tray 05 06 90
https://github.com/oomlout/oomlout_oomp_current_version_messy/tree/main/parts/oobb_part_tray_05_06_90,8irx2,Oobb Part Tray 05 06 90
https://github.com/oomlout/oomlout_oomp_current_version_messy/tree/main/parts/oobb_part_tray_05_07_09,oobb_part_tray_05_07_09,Oobb Part Tray 05 07 09
https://github.com/oomlout/oomlout_oomp_current_version_messy/tree/main/parts/oobb_part_tray_05_07_09,,Oobb Part Tray 05 07 09
https://github.com/oomlout/oomlout_oomp_current_version_messy/tree/main/parts/oobb_part_tray_05_07_09,6e011d,Oobb Part Tray 05 07 09
https://github.com/oomlout/oomlout_oomp_current_version_messy/tree/main/parts/oobb_part_tray_05_07_09,4aiot,Oobb Part Tray 05 07 09
https://github.com/oomlout/oomlout_oomp_current_version_messy/tree/main/parts/oobb_part_tray_05_07_12,oobb_part_tray_05_07_12,Oobb Part Tray 05 07 12
https://github.com/oomlout/oomlout_oomp_current_version_messy/tree/main/parts/oobb_part_tray_05_07_12,,Oobb Part Tray 05 07 12
https://github.com/oomlout/oomlout_oomp_current_version_messy/tree/main/parts/oobb_part_tray_05_07_12,a34614,Oobb Part Tray 05 07 12
https://github.com/oomlout/oomlout_oomp_current_version_messy/tree/main/parts/oobb_part_tray_05_07_12,6dces,Oobb Part Tray 05 07 12
https://github.com/oomlout/oomlout_oomp_current_version_messy/tree/main/parts/oobb_part_tray_05_07_15,oobb_part_tray_05_07_15,Oobb Part Tray 05 07 15
https://github.com/oomlout/oomlout_oomp_current_version_messy/tree/main/parts/oobb_part_tray_05_07_15,,Oobb Part Tray 05 07 15
https://github.com/oomlout/oomlout_oomp_current_version_messy/tree/main/parts/oobb_part_tray_05_07_15,6aa446,Oobb Part Tray 05 07 15
https://github.com/oomlout/oomlout_oomp_current_version_messy/tree/main/parts/oobb_part_tray_05_07_15,45sna,Oobb Part Tray 05 07 15
https://github.com/oomlout/oomlout_oomp_current_version_messy/tree/main/parts/oobb_part_tray_05_07_18,oobb_part_tray_05_07_18,Oobb Part Tray 05 07 18
https://github.com/oomlout/oomlout_oomp_current_version_messy/tree/main/parts/oobb_part_tray_05_07_18,,Oobb Part Tray 05 07 18
https://github.com/oomlout/oomlout_oomp_current_version_messy/tree/main/parts/oobb_part_tray_05_07_18,d9eadc,Oobb Part Tray 05 07 18
https://github.com/oomlout/oomlout_oomp_current_version_messy/tree/main/parts/oobb_part_tray_05_07_18,8i3mk,Oobb Part Tray 05 07 18
https://github.com/oomlout/oomlout_oomp_current_version_messy/tree/main/parts/oobb_part_tray_05_07_21,oobb_part_tray_05_07_21,Oobb Part Tray 05 07 21
https://github.com/oomlout/oomlout_oomp_current_version_messy/tree/main/parts/oobb_part_tray_05_07_21,,Oobb Part Tray 05 07 21
https://github.com/oomlout/oomlout_oomp_current_version_messy/tree/main/parts/oobb_part_tray_05_07_21,eca17a,Oobb Part Tray 05 07 21
https://github.com/oomlout/oomlout_oomp_current_version_messy/tree/main/parts/oobb_part_tray_05_07_21,98dx6,Oobb Part Tray 05 07 21
https://github.com/oomlout/oomlout_oomp_current_version_messy/tree/main/parts/oobb_part_tray_05_07_24,oobb_part_tray_05_07_24,Oobb Part Tray 05 07 24
https://github.com/oomlout/oomlout_oomp_current_version_messy/tree/main/parts/oobb_part_tray_05_07_24,,Oobb Part Tray 05 07 24
https://github.com/oomlout/oomlout_oomp_current_version_messy/tree/main/parts/oobb_part_tray_05_07_24,5180a3,Oobb Part Tray 05 07 24
https://github.com/oomlout/oomlout_oomp_current_version_messy/tree/main/parts/oobb_part_tray_05_07_24,36her,Oobb Part Tray 05 07 24
https://github.com/oomlout/oomlout_oomp_current_version_messy/tree/main/parts/oobb_part_tray_05_07_27,oobb_part_tray_05_07_27,Oobb Part Tray 05 07 27
https://github.com/oomlout/oomlout_oomp_current_version_messy/tree/main/parts/oobb_part_tray_05_07_27,,Oobb Part Tray 05 07 27
https://github.com/oomlout/oomlout_oomp_current_version_messy/tree/main/parts/oobb_part_tray_05_07_27,ee1df4,Oobb Part Tray 05 07 27
https://github.com/oomlout/oomlout_oomp_current_version_messy/tree/main/parts/oobb_part_tray_05_07_27,9ah2s,Oobb Part Tray 05 07 27
https://github.com/oomlout/oomlout_oomp_current_version_messy/tree/main/parts/oobb_part_tray_05_07_30,oobb_part_tray_05_07_30,Oobb Part Tray 05 07 30
https://github.com/oomlout/oomlout_oomp_current_version_messy/tree/main/parts/oobb_part_tray_05_07_30,,Oobb Part Tray 05 07 30
https://github.com/oomlout/oomlout_oomp_current_version_messy/tree/main/parts/oobb_part_tray_05_07_30,d09bbd,Oobb Part Tray 05 07 30
https://github.com/oomlout/oomlout_oomp_current_version_messy/tree/main/parts/oobb_part_tray_05_07_30,850vx,Oobb Part Tray 05 07 30
https://github.com/oomlout/oomlout_oomp_current_version_messy/tree/main/parts/oobb_part_tray_05_07_60,oobb_part_tray_05_07_60,Oobb Part Tray 05 07 60
https://github.com/oomlout/oomlout_oomp_current_version_messy/tree/main/parts/oobb_part_tray_05_07_60,,Oobb Part Tray 05 07 60
https://github.com/oomlout/oomlout_oomp_current_version_messy/tree/main/parts/oobb_part_tray_05_07_60,ebceb9,Oobb Part Tray 05 07 60
https://github.com/oomlout/oomlout_oomp_current_version_messy/tree/main/parts/oobb_part_tray_05_07_60,978ah,Oobb Part Tray 05 07 60
https://github.com/oomlout/oomlout_oomp_current_version_messy/tree/main/parts/oobb_part_tray_05_07_90,oobb_part_tray_05_07_90,Oobb Part Tray 05 07 90
https://github.com/oomlout/oomlout_oomp_current_version_messy/tree/main/parts/oobb_part_tray_05_07_90,,Oobb Part Tray 05 07 90
https://github.com/oomlout/oomlout_oomp_current_version_messy/tree/main/parts/oobb_part_tray_05_07_90,d6e1ed,Oobb Part Tray 05 07 90
https://github.com/oomlout/oomlout_oomp_current_version_messy/tree/main/parts/oobb_part_tray_05_07_90,8du5p,Oobb Part Tray 05 07 90
https://github.com/oomlout/oomlout_oomp_current_version_messy/tree/main/parts/oobb_part_tray_05_08_09,oobb_part_tray_05_08_09,Oobb Part Tray 05 08 09
https://github.com/oomlout/oomlout_oomp_current_version_messy/tree/main/parts/oobb_part_tray_05_08_09,,Oobb Part Tray 05 08 09
https://github.com/oomlout/oomlout_oomp_current_version_messy/tree/main/parts/oobb_part_tray_05_08_09,3834b3,Oobb Part Tray 05 08 09
https://github.com/oomlout/oomlout_oomp_current_version_messy/tree/main/parts/oobb_part_tray_05_08_09,26y7n,Oobb Part Tray 05 08 09
https://github.com/oomlout/oomlout_oomp_current_version_messy/tree/main/parts/oobb_part_tray_05_08_12,oobb_part_tray_05_08_12,Oobb Part Tray 05 08 12
https://github.com/oomlout/oomlout_oomp_current_version_messy/tree/main/parts/oobb_part_tray_05_08_12,,Oobb Part Tray 05 08 12
https://github.com/oomlout/oomlout_oomp_current_version_messy/tree/main/parts/oobb_part_tray_05_08_12,54df78,Oobb Part Tray 05 08 12
https://github.com/oomlout/oomlout_oomp_current_version_messy/tree/main/parts/oobb_part_tray_05_08_12,3b7ug,Oobb Part Tray 05 08 12
https://github.com/oomlout/oomlout_oomp_current_version_messy/tree/main/parts/oobb_part_tray_05_08_15,oobb_part_tray_05_08_15,Oobb Part Tray 05 08 15
https://github.com/oomlout/oomlout_oomp_current_version_messy/tree/main/parts/oobb_part_tray_05_08_15,,Oobb Part Tray 05 08 15
https://github.com/oomlout/oomlout_oomp_current_version_messy/tree/main/parts/oobb_part_tray_05_08_15,34c17a,Oobb Part Tray 05 08 15
