https://github.com/oomlout/oomlout_oomp_current_version_messy/tree/main/parts/aluminium_extrusion_2020,aluminium_extrusion_2020,Aluminium Extrusion 2020
https://www.aluminium-profile.co.uk/20x20-aluminium-profile-kjn992888,buy_aluminium_extrusion_2020,Aluminium Extrusion 2020
https://github.com/oomlout/oomlout_oomp_current_version_messy/tree/main/parts/aluminium_extrusion_2020,caec15,Aluminium Extrusion 2020
https://www.aluminium-profile.co.uk/20x20-aluminium-profile-kjn992888,buy_caec15,Aluminium Extrusion 2020
https://github.com/oomlout/oomlout_oomp_current_version_messy/tree/main/parts/aluminium_extrusion_2020,7x1cl,Aluminium Extrusion 2020
https://www.aluminium-profile.co.uk/20x20-aluminium-profile-kjn992888,buy_7x1cl,Aluminium Extrusion 2020
https://github.com/oomlout/oomlout_oomp_current_version_messy/tree/main/parts/aluminium_extrusion_2020,asthmaliar,Aluminium Extrusion 2020
https://www.aluminium-profile.co.uk/20x20-aluminium-profile-kjn992888,buy_asthmaliar,Aluminium Extrusion 2020
https://github.com/oomlout/oomlout_oomp_current_version_messy/tree/main/parts/aluminium_extrusion_2020,asthma_liar,Aluminium Extrusion 2020
https://www.aluminium-profile.co.uk/20x20-aluminium-profile-kjn992888,buy_asthma_liar,Aluminium Extrusion 2020
https://github.com/oomlout/oomlout_oomp_current_version_messy/tree/main/parts/aluminium_extrusion_2020,asthma-liar,Aluminium Extrusion 2020
https://www.aluminium-profile.co.uk/20x20-aluminium-profile-kjn992888,buy_asthma-liar,Aluminium Extrusion 2020
https://github.com/oomlout/oomlout_oomp_current_version_messy/tree/main/parts/aluminium_extrusion_2020,asthmaliarcram,Aluminium Extrusion 2020
https://www.aluminium-profile.co.uk/20x20-aluminium-profile-kjn992888,buy_asthmaliarcram,Aluminium Extrusion 2020
https://github.com/oomlout/oomlout_oomp_current_version_messy/tree/main/parts/aluminium_extrusion_2020,asthma_liar_cram,Aluminium Extrusion 2020
https://www.aluminium-profile.co.uk/20x20-aluminium-profile-kjn992888,buy_asthma_liar_cram,Aluminium Extrusion 2020
https://github.com/oomlout/oomlout_oomp_current_version_messy/tree/main/parts/aluminium_extrusion_2020,asthma-liar-cram,Aluminium Extrusion 2020
https://www.aluminium-profile.co.uk/20x20-aluminium-profile-kjn992888,buy_asthma-liar-cram,Aluminium Extrusion 2020
https://github.com/oomlout/oomlout_oomp_current_version_messy/tree/main/parts/aluminium_extrusion_2020,https://www.aluminium-profile.co.uk/20x20-aluminium-profile-kjn992888,Aluminium Extrusion 2020
https://www.aluminium-profile.co.uk/20x20-aluminium-profile-kjn992888,buy_https://www.aluminium-profile.co.uk/20x20-aluminium-profile-kjn992888,Aluminium Extrusion 2020
https://github.com/oomlout/oomlout_oomp_current_version_messy/tree/main/parts/aluminium_extrusion_2020_200_mm_length,aluminium_extrusion_2020_200_mm_length,Aluminium Extrusion 2020 200 mm Length
https://github.com/oomlout/oomlout_oomp_current_version_messy/tree/main/parts/aluminium_extrusion_2020_200_mm_length,afef7f,Aluminium Extrusion 2020 200 mm Length
https://github.com/oomlout/oomlout_oomp_current_version_messy/tree/main/parts/aluminium_extrusion_2020_200_mm_length,6v4ov,Aluminium Extrusion 2020 200 mm Length
https://github.com/oomlout/oomlout_oomp_current_version_messy/tree/main/parts/aluminium_extrusion_2020_200_mm_length,slogannovel,Aluminium Extrusion 2020 200 mm Length
https://github.com/oomlout/oomlout_oomp_current_version_messy/tree/main/parts/aluminium_extrusion_2020_200_mm_length,slogan_novel,Aluminium Extrusion 2020 200 mm Length
https://github.com/oomlout/oomlout_oomp_current_version_messy/tree/main/parts/aluminium_extrusion_2020_200_mm_length,slogan-novel,Aluminium Extrusion 2020 200 mm Length
https://github.com/oomlout/oomlout_oomp_current_version_messy/tree/main/parts/aluminium_extrusion_2020_200_mm_length,slogannoveldiesel,Aluminium Extrusion 2020 200 mm Length
https://github.com/oomlout/oomlout_oomp_current_version_messy/tree/main/parts/aluminium_extrusion_2020_200_mm_length,slogan_novel_diesel,Aluminium Extrusion 2020 200 mm Length
https://github.com/oomlout/oomlout_oomp_current_version_messy/tree/main/parts/aluminium_extrusion_2020_200_mm_length,slogan-novel-diesel,Aluminium Extrusion 2020 200 mm Length
https://github.com/oomlout/oomlout_oomp_current_version_messy/tree/main/parts/aluminium_extrusion_2020_100_mm_length,aluminium_extrusion_2020_100_mm_length,Aluminium Extrusion 2020 100 mm Length
https://github.com/oomlout/oomlout_oomp_current_version_messy/tree/main/parts/aluminium_extrusion_2020_100_mm_length,be520a,Aluminium Extrusion 2020 100 mm Length
https://github.com/oomlout/oomlout_oomp_current_version_messy/tree/main/parts/aluminium_extrusion_2020_100_mm_length,7fc3u,Aluminium Extrusion 2020 100 mm Length
https://github.com/oomlout/oomlout_oomp_current_version_messy/tree/main/parts/aluminium_extrusion_2020_100_mm_length,cutetrust,Aluminium Extrusion 2020 100 mm Length
https://github.com/oomlout/oomlout_oomp_current_version_messy/tree/main/parts/aluminium_extrusion_2020_100_mm_length,cute_trust,Aluminium Extrusion 2020 100 mm Length
https://github.com/oomlout/oomlout_oomp_current_version_messy/tree/main/parts/aluminium_extrusion_2020_100_mm_length,cute-trust,Aluminium Extrusion 2020 100 mm Length
https://github.com/oomlout/oomlout_oomp_current_version_messy/tree/main/parts/aluminium_extrusion_2020_100_mm_length,cutetrustonion,Aluminium Extrusion 2020 100 mm Length
https://github.com/oomlout/oomlout_oomp_current_version_messy/tree/main/parts/aluminium_extrusion_2020_100_mm_length,cute_trust_onion,Aluminium Extrusion 2020 100 mm Length
https://github.com/oomlout/oomlout_oomp_current_version_messy/tree/main/parts/aluminium_extrusion_2020_100_mm_length,cute-trust-onion,Aluminium Extrusion 2020 100 mm Length
https://github.com/oomlout/oomlout_oomp_current_version_messy/tree/main/parts/aluminium_extrusion_2020_300_mm_length,aluminium_extrusion_2020_300_mm_length,Aluminium Extrusion 2020 300 mm Length
https://github.com/oomlout/oomlout_oomp_current_version_messy/tree/main/parts/aluminium_extrusion_2020_300_mm_length,11923a,Aluminium Extrusion 2020 300 mm Length
https://github.com/oomlout/oomlout_oomp_current_version_messy/tree/main/parts/aluminium_extrusion_2020_300_mm_length,ooje,Aluminium Extrusion 2020 300 mm Length
https://github.com/oomlout/oomlout_oomp_current_version_messy/tree/main/parts/aluminium_extrusion_2020_300_mm_length,streetscale,Aluminium Extrusion 2020 300 mm Length
https://github.com/oomlout/oomlout_oomp_current_version_messy/tree/main/parts/aluminium_extrusion_2020_300_mm_length,street_scale,Aluminium Extrusion 2020 300 mm Length
https://github.com/oomlout/oomlout_oomp_current_version_messy/tree/main/parts/aluminium_extrusion_2020_300_mm_length,street-scale,Aluminium Extrusion 2020 300 mm Length
https://github.com/oomlout/oomlout_oomp_current_version_messy/tree/main/parts/aluminium_extrusion_2020_300_mm_length,streetscaleart,Aluminium Extrusion 2020 300 mm Length
https://github.com/oomlout/oomlout_oomp_current_version_messy/tree/main/parts/aluminium_extrusion_2020_300_mm_length,street_scale_art,Aluminium Extrusion 2020 300 mm Length
https://github.com/oomlout/oomlout_oomp_current_version_messy/tree/main/parts/aluminium_extrusion_2020_300_mm_length,street-scale-art,Aluminium Extrusion 2020 300 mm Length
https://github.com/oomlout/oomlout_oomp_current_version_messy/tree/main/parts/aluminium_extrusion_2020_400_mm_length,aluminium_extrusion_2020_400_mm_length,Aluminium Extrusion 2020 400 mm Length
https://github.com/oomlout/oomlout_oomp_current_version_messy/tree/main/parts/aluminium_extrusion_2020_400_mm_length,20ee89,Aluminium Extrusion 2020 400 mm Length
https://github.com/oomlout/oomlout_oomp_current_version_messy/tree/main/parts/aluminium_extrusion_2020_400_mm_length,1a9ah,Aluminium Extrusion 2020 400 mm Length
https://github.com/oomlout/oomlout_oomp_current_version_messy/tree/main/parts/aluminium_extrusion_2020_400_mm_length,onionsurvey,Aluminium Extrusion 2020 400 mm Length
https://github.com/oomlout/oomlout_oomp_current_version_messy/tree/main/parts/aluminium_extrusion_2020_400_mm_length,onion_survey,Aluminium Extrusion 2020 400 mm Length
https://github.com/oomlout/oomlout_oomp_current_version_messy/tree/main/parts/aluminium_extrusion_2020_400_mm_length,onion-survey,Aluminium Extrusion 2020 400 mm Length
https://github.com/oomlout/oomlout_oomp_current_version_messy/tree/main/parts/aluminium_extrusion_2020_400_mm_length,onionsurveysoon,Aluminium Extrusion 2020 400 mm Length
https://github.com/oomlout/oomlout_oomp_current_version_messy/tree/main/parts/aluminium_extrusion_2020_400_mm_length,onion_survey_soon,Aluminium Extrusion 2020 400 mm Length
https://github.com/oomlout/oomlout_oomp_current_version_messy/tree/main/parts/aluminium_extrusion_2020_400_mm_length,onion-survey-soon,Aluminium Extrusion 2020 400 mm Length
https://github.com/oomlout/oomlout_oomp_current_version_messy/tree/main/parts/aluminium_extrusion_2020_600_mm_length,aluminium_extrusion_2020_600_mm_length,Aluminium Extrusion 2020 600 mm Length
https://github.com/oomlout/oomlout_oomp_current_version_messy/tree/main/parts/aluminium_extrusion_2020_600_mm_length,041a41,Aluminium Extrusion 2020 600 mm Length
https://github.com/oomlout/oomlout_oomp_current_version_messy/tree/main/parts/aluminium_extrusion_2020_600_mm_length,5rgh,Aluminium Extrusion 2020 600 mm Length
https://github.com/oomlout/oomlout_oomp_current_version_messy/tree/main/parts/aluminium_extrusion_2020_600_mm_length,anchorbelieve,Aluminium Extrusion 2020 600 mm Length
https://github.com/oomlout/oomlout_oomp_current_version_messy/tree/main/parts/aluminium_extrusion_2020_600_mm_length,anchor_believe,Aluminium Extrusion 2020 600 mm Length
https://github.com/oomlout/oomlout_oomp_current_version_messy/tree/main/parts/aluminium_extrusion_2020_600_mm_length,anchor-believe,Aluminium Extrusion 2020 600 mm Length
https://github.com/oomlout/oomlout_oomp_current_version_messy/tree/main/parts/aluminium_extrusion_2020_600_mm_length,anchorbelieveabout,Aluminium Extrusion 2020 600 mm Length
https://github.com/oomlout/oomlout_oomp_current_version_messy/tree/main/parts/aluminium_extrusion_2020_600_mm_length,anchor_believe_about,Aluminium Extrusion 2020 600 mm Length
https://github.com/oomlout/oomlout_oomp_current_version_messy/tree/main/parts/aluminium_extrusion_2020_600_mm_length,anchor-believe-about,Aluminium Extrusion 2020 600 mm Length
https://github.com/oomlout/oomlout_oomp_current_version_messy/tree/main/parts/aluminium_extrusion_2020_500_mm_length,aluminium_extrusion_2020_500_mm_length,Aluminium Extrusion 2020 500 mm Length
https://github.com/oomlout/oomlout_oomp_current_version_messy/tree/main/parts/aluminium_extrusion_2020_500_mm_length,4aa698,Aluminium Extrusion 2020 500 mm Length
https://github.com/oomlout/oomlout_oomp_current_version_messy/tree/main/parts/aluminium_extrusion_2020_500_mm_length,2wuxk,Aluminium Extrusion 2020 500 mm Length
https://github.com/oomlout/oomlout_oomp_current_version_messy/tree/main/parts/aluminium_extrusion_2020_500_mm_length,studentcourse,Aluminium Extrusion 2020 500 mm Length
https://github.com/oomlout/oomlout_oomp_current_version_messy/tree/main/parts/aluminium_extrusion_2020_500_mm_length,student_course,Aluminium Extrusion 2020 500 mm Length
https://github.com/oomlout/oomlout_oomp_current_version_messy/tree/main/parts/aluminium_extrusion_2020_500_mm_length,student-course,Aluminium Extrusion 2020 500 mm Length
https://github.com/oomlout/oomlout_oomp_current_version_messy/tree/main/parts/aluminium_extrusion_2020_500_mm_length,studentcoursesurprise,Aluminium Extrusion 2020 500 mm Length
https://github.com/oomlout/oomlout_oomp_current_version_messy/tree/main/parts/aluminium_extrusion_2020_500_mm_length,student_course_surprise,Aluminium Extrusion 2020 500 mm Length
https://github.com/oomlout/oomlout_oomp_current_version_messy/tree/main/parts/aluminium_extrusion_2020_500_mm_length,student-course-surprise,Aluminium Extrusion 2020 500 mm Length
https://github.com/oomlout/oomlout_oomp_current_version_messy/tree/main/parts/aluminium_extrusion_2020_700_mm_length,aluminium_extrusion_2020_700_mm_length,Aluminium Extrusion 2020 700 mm Length
https://github.com/oomlout/oomlout_oomp_current_version_messy/tree/main/parts/aluminium_extrusion_2020_700_mm_length,673ef5,Aluminium Extrusion 2020 700 mm Length
https://github.com/oomlout/oomlout_oomp_current_version_messy/tree/main/parts/aluminium_extrusion_2020_700_mm_length,410xh,Aluminium Extrusion 2020 700 mm Length
https://github.com/oomlout/oomlout_oomp_current_version_messy/tree/main/parts/aluminium_extrusion_2020_700_mm_length,edgeglobe,Aluminium Extrusion 2020 700 mm Length
https://github.com/oomlout/oomlout_oomp_current_version_messy/tree/main/parts/aluminium_extrusion_2020_700_mm_length,edge_globe,Aluminium Extrusion 2020 700 mm Length
https://github.com/oomlout/oomlout_oomp_current_version_messy/tree/main/parts/aluminium_extrusion_2020_700_mm_length,edge-globe,Aluminium Extrusion 2020 700 mm Length
https://github.com/oomlout/oomlout_oomp_current_version_messy/tree/main/parts/aluminium_extrusion_2020_700_mm_length,edgeglobelottery,Aluminium Extrusion 2020 700 mm Length
https://github.com/oomlout/oomlout_oomp_current_version_messy/tree/main/parts/aluminium_extrusion_2020_700_mm_length,edge_globe_lottery,Aluminium Extrusion 2020 700 mm Length
https://github.com/oomlout/oomlout_oomp_current_version_messy/tree/main/parts/aluminium_extrusion_2020_700_mm_length,edge-globe-lottery,Aluminium Extrusion 2020 700 mm Length
https://github.com/oomlout/oomlout_oomp_current_version_messy/tree/main/parts/aluminium_extrusion_2020_800_mm_length,aluminium_extrusion_2020_800_mm_length,Aluminium Extrusion 2020 800 mm Length
https://github.com/oomlout/oomlout_oomp_current_version_messy/tree/main/parts/aluminium_extrusion_2020_800_mm_length,f3164e,Aluminium Extrusion 2020 800 mm Length
https://github.com/oomlout/oomlout_oomp_current_version_messy/tree/main/parts/aluminium_extrusion_2020_800_mm_length,9hgem,Aluminium Extrusion 2020 800 mm Length
https://github.com/oomlout/oomlout_oomp_current_version_messy/tree/main/parts/aluminium_extrusion_2020_800_mm_length,tissuehybrid,Aluminium Extrusion 2020 800 mm Length
https://github.com/oomlout/oomlout_oomp_current_version_messy/tree/main/parts/aluminium_extrusion_2020_800_mm_length,tissue_hybrid,Aluminium Extrusion 2020 800 mm Length
https://github.com/oomlout/oomlout_oomp_current_version_messy/tree/main/parts/aluminium_extrusion_2020_800_mm_length,tissue-hybrid,Aluminium Extrusion 2020 800 mm Length
https://github.com/oomlout/oomlout_oomp_current_version_messy/tree/main/parts/aluminium_extrusion_2020_800_mm_length,tissuehybridcatch,Aluminium Extrusion 2020 800 mm Length
https://github.com/oomlout/oomlout_oomp_current_version_messy/tree/main/parts/aluminium_extrusion_2020_800_mm_length,tissue_hybrid_catch,Aluminium Extrusion 2020 800 mm Length
https://github.com/oomlout/oomlout_oomp_current_version_messy/tree/main/parts/aluminium_extrusion_2020_800_mm_length,tissue-hybrid-catch,Aluminium Extrusion 2020 800 mm Length
https://github.com/oomlout/oomlout_oomp_current_version_messy/tree/main/parts/aluminium_extrusion_2020_900_mm_length,aluminium_extrusion_2020_900_mm_length,Aluminium Extrusion 2020 900 mm Length
https://github.com/oomlout/oomlout_oomp_current_version_messy/tree/main/parts/aluminium_extrusion_2020_900_mm_length,15bb5e,Aluminium Extrusion 2020 900 mm Length
https://github.com/oomlout/oomlout_oomp_current_version_messy/tree/main/parts/aluminium_extrusion_2020_900_mm_length,uixq,Aluminium Extrusion 2020 900 mm Length
https://github.com/oomlout/oomlout_oomp_current_version_messy/tree/main/parts/aluminium_extrusion_2020_900_mm_length,narrowagain,Aluminium Extrusion 2020 900 mm Length
https://github.com/oomlout/oomlout_oomp_current_version_messy/tree/main/parts/aluminium_extrusion_2020_900_mm_length,narrow_again,Aluminium Extrusion 2020 900 mm Length
https://github.com/oomlout/oomlout_oomp_current_version_messy/tree/main/parts/aluminium_extrusion_2020_900_mm_length,narrow-again,Aluminium Extrusion 2020 900 mm Length
https://github.com/oomlout/oomlout_oomp_current_version_messy/tree/main/parts/aluminium_extrusion_2020_900_mm_length,narrowagainsunset,Aluminium Extrusion 2020 900 mm Length
https://github.com/oomlout/oomlout_oomp_current_version_messy/tree/main/parts/aluminium_extrusion_2020_900_mm_length,narrow_again_sunset,Aluminium Extrusion 2020 900 mm Length
https://github.com/oomlout/oomlout_oomp_current_version_messy/tree/main/parts/aluminium_extrusion_2020_900_mm_length,narrow-again-sunset,Aluminium Extrusion 2020 900 mm Length
https://github.com/oomlout/oomlout_oomp_current_version_messy/tree/main/parts/appliance_vacuum_cleaner_dyson_v10_dyson_v10,appliance_vacuum_cleaner_dyson_v10_dyson_v10,Appliance Vacuum Cleaner Dyson V10 Dyson V10
https://github.com/oomlout/oomlout_oomp_current_version_messy/tree/main/parts/appliance_vacuum_cleaner_dyson_v10_dyson_v10,0aa8fb,Appliance Vacuum Cleaner Dyson V10 Dyson V10
https://github.com/oomlout/oomlout_oomp_current_version_messy/tree/main/parts/appliance_vacuum_cleaner_dyson_v10_dyson_v10,ez23,Appliance Vacuum Cleaner Dyson V10 Dyson V10
https://github.com/oomlout/oomlout_oomp_current_version_messy/tree/main/parts/appliance_vacuum_cleaner_dyson_v10_dyson_v10,v10,Appliance Vacuum Cleaner Dyson V10 Dyson V10
https://github.com/oomlout/oomlout_oomp_current_version_messy/tree/main/parts/appliance_vacuum_cleaner_dyson_v10_dyson_v10,slightsecurity,Appliance Vacuum Cleaner Dyson V10 Dyson V10
https://github.com/oomlout/oomlout_oomp_current_version_messy/tree/main/parts/appliance_vacuum_cleaner_dyson_v10_dyson_v10,slight_security,Appliance Vacuum Cleaner Dyson V10 Dyson V10
https://github.com/oomlout/oomlout_oomp_current_version_messy/tree/main/parts/appliance_vacuum_cleaner_dyson_v10_dyson_v10,slight-security,Appliance Vacuum Cleaner Dyson V10 Dyson V10
https://github.com/oomlout/oomlout_oomp_current_version_messy/tree/main/parts/appliance_vacuum_cleaner_dyson_v10_dyson_v10,slightsecurityjeans,Appliance Vacuum Cleaner Dyson V10 Dyson V10
https://github.com/oomlout/oomlout_oomp_current_version_messy/tree/main/parts/appliance_vacuum_cleaner_dyson_v10_dyson_v10,slight_security_jeans,Appliance Vacuum Cleaner Dyson V10 Dyson V10
https://github.com/oomlout/oomlout_oomp_current_version_messy/tree/main/parts/appliance_vacuum_cleaner_dyson_v10_dyson_v10,slight-security-jeans,Appliance Vacuum Cleaner Dyson V10 Dyson V10
https://github.com/oomlout/oomlout_oomp_current_version_messy/tree/main/parts/appliance_vacuum_cleaner_dyson_v11_dyson_v11,appliance_vacuum_cleaner_dyson_v11_dyson_v11,Appliance Vacuum Cleaner Dyson V11 Dyson V11
https://github.com/oomlout/oomlout_oomp_current_version_messy/tree/main/parts/appliance_vacuum_cleaner_dyson_v11_dyson_v11,3ee3b3,Appliance Vacuum Cleaner Dyson V11 Dyson V11
https://github.com/oomlout/oomlout_oomp_current_version_messy/tree/main/parts/appliance_vacuum_cleaner_dyson_v11_dyson_v11,2gc6r,Appliance Vacuum Cleaner Dyson V11 Dyson V11
https://github.com/oomlout/oomlout_oomp_current_version_messy/tree/main/parts/appliance_vacuum_cleaner_dyson_v11_dyson_v11,v11,Appliance Vacuum Cleaner Dyson V11 Dyson V11
https://github.com/oomlout/oomlout_oomp_current_version_messy/tree/main/parts/appliance_vacuum_cleaner_dyson_v11_dyson_v11,themeconsider,Appliance Vacuum Cleaner Dyson V11 Dyson V11
https://github.com/oomlout/oomlout_oomp_current_version_messy/tree/main/parts/appliance_vacuum_cleaner_dyson_v11_dyson_v11,theme_consider,Appliance Vacuum Cleaner Dyson V11 Dyson V11
https://github.com/oomlout/oomlout_oomp_current_version_messy/tree/main/parts/appliance_vacuum_cleaner_dyson_v11_dyson_v11,theme-consider,Appliance Vacuum Cleaner Dyson V11 Dyson V11
https://github.com/oomlout/oomlout_oomp_current_version_messy/tree/main/parts/appliance_vacuum_cleaner_dyson_v11_dyson_v11,themeconsiderlab,Appliance Vacuum Cleaner Dyson V11 Dyson V11
https://github.com/oomlout/oomlout_oomp_current_version_messy/tree/main/parts/appliance_vacuum_cleaner_dyson_v11_dyson_v11,theme_consider_lab,Appliance Vacuum Cleaner Dyson V11 Dyson V11
https://github.com/oomlout/oomlout_oomp_current_version_messy/tree/main/parts/appliance_vacuum_cleaner_dyson_v11_dyson_v11,theme-consider-lab,Appliance Vacuum Cleaner Dyson V11 Dyson V11
https://github.com/oomlout/oomlout_oomp_current_version_messy/tree/main/parts/appliance_vacuum_cleaner_dyson_v6_combination_tool_dyson,appliance_vacuum_cleaner_dyson_v6_combination_tool_dyson,Appliance Vacuum Cleaner Dyson V6 Combination Tool Dyson
https://github.com/oomlout/oomlout_oomp_current_version_messy/tree/main/parts/appliance_vacuum_cleaner_dyson_v6_combination_tool_dyson,b13282,Appliance Vacuum Cleaner Dyson V6 Combination Tool Dyson
https://github.com/oomlout/oomlout_oomp_current_version_messy/tree/main/parts/appliance_vacuum_cleaner_dyson_v6_combination_tool_dyson,6wwhu,Appliance Vacuum Cleaner Dyson V6 Combination Tool Dyson
https://github.com/oomlout/oomlout_oomp_current_version_messy/tree/main/parts/appliance_vacuum_cleaner_dyson_v6_combination_tool_dyson,bleakgrocery,Appliance Vacuum Cleaner Dyson V6 Combination Tool Dyson
https://github.com/oomlout/oomlout_oomp_current_version_messy/tree/main/parts/appliance_vacuum_cleaner_dyson_v6_combination_tool_dyson,bleak_grocery,Appliance Vacuum Cleaner Dyson V6 Combination Tool Dyson
https://github.com/oomlout/oomlout_oomp_current_version_messy/tree/main/parts/appliance_vacuum_cleaner_dyson_v6_combination_tool_dyson,bleak-grocery,Appliance Vacuum Cleaner Dyson V6 Combination Tool Dyson
https://github.com/oomlout/oomlout_oomp_current_version_messy/tree/main/parts/appliance_vacuum_cleaner_dyson_v6_combination_tool_dyson,bleakgroceryhusband,Appliance Vacuum Cleaner Dyson V6 Combination Tool Dyson
https://github.com/oomlout/oomlout_oomp_current_version_messy/tree/main/parts/appliance_vacuum_cleaner_dyson_v6_combination_tool_dyson,bleak_grocery_husband,Appliance Vacuum Cleaner Dyson V6 Combination Tool Dyson
https://github.com/oomlout/oomlout_oomp_current_version_messy/tree/main/parts/appliance_vacuum_cleaner_dyson_v6_combination_tool_dyson,bleak-grocery-husband,Appliance Vacuum Cleaner Dyson V6 Combination Tool Dyson
https://github.com/oomlout/oomlout_oomp_current_version_messy/tree/main/parts/appliance_vacuum_cleaner_dyson_v6_crevice_tool_dyson,appliance_vacuum_cleaner_dyson_v6_crevice_tool_dyson,Appliance Vacuum Cleaner Dyson V6 Crevice Tool Dyson
https://github.com/oomlout/oomlout_oomp_current_version_messy/tree/main/parts/appliance_vacuum_cleaner_dyson_v6_crevice_tool_dyson,eaa9cd,Appliance Vacuum Cleaner Dyson V6 Crevice Tool Dyson
https://github.com/oomlout/oomlout_oomp_current_version_messy/tree/main/parts/appliance_vacuum_cleaner_dyson_v6_crevice_tool_dyson,95mfh,Appliance Vacuum Cleaner Dyson V6 Crevice Tool Dyson
https://github.com/oomlout/oomlout_oomp_current_version_messy/tree/main/parts/appliance_vacuum_cleaner_dyson_v6_crevice_tool_dyson,clawglare,Appliance Vacuum Cleaner Dyson V6 Crevice Tool Dyson
https://github.com/oomlout/oomlout_oomp_current_version_messy/tree/main/parts/appliance_vacuum_cleaner_dyson_v6_crevice_tool_dyson,claw_glare,Appliance Vacuum Cleaner Dyson V6 Crevice Tool Dyson
https://github.com/oomlout/oomlout_oomp_current_version_messy/tree/main/parts/appliance_vacuum_cleaner_dyson_v6_crevice_tool_dyson,claw-glare,Appliance Vacuum Cleaner Dyson V6 Crevice Tool Dyson
https://github.com/oomlout/oomlout_oomp_current_version_messy/tree/main/parts/appliance_vacuum_cleaner_dyson_v6_crevice_tool_dyson,clawglarejob,Appliance Vacuum Cleaner Dyson V6 Crevice Tool Dyson
https://github.com/oomlout/oomlout_oomp_current_version_messy/tree/main/parts/appliance_vacuum_cleaner_dyson_v6_crevice_tool_dyson,claw_glare_job,Appliance Vacuum Cleaner Dyson V6 Crevice Tool Dyson
https://github.com/oomlout/oomlout_oomp_current_version_messy/tree/main/parts/appliance_vacuum_cleaner_dyson_v6_crevice_tool_dyson,claw-glare-job,Appliance Vacuum Cleaner Dyson V6 Crevice Tool Dyson
https://github.com/oomlout/oomlout_oomp_current_version_messy/tree/main/parts/appliance_vacuum_cleaner_dyson_v6_mini_motorhead_tool_dyson,appliance_vacuum_cleaner_dyson_v6_mini_motorhead_tool_dyson,Appliance Vacuum Cleaner Dyson V6 Mini Motorhead Tool Dyson
https://github.com/oomlout/oomlout_oomp_current_version_messy/tree/main/parts/appliance_vacuum_cleaner_dyson_v6_mini_motorhead_tool_dyson,c6b0ff,Appliance Vacuum Cleaner Dyson V6 Mini Motorhead Tool Dyson
https://github.com/oomlout/oomlout_oomp_current_version_messy/tree/main/parts/appliance_vacuum_cleaner_dyson_v6_mini_motorhead_tool_dyson,7r3en,Appliance Vacuum Cleaner Dyson V6 Mini Motorhead Tool Dyson
https://github.com/oomlout/oomlout_oomp_current_version_messy/tree/main/parts/appliance_vacuum_cleaner_dyson_v6_mini_motorhead_tool_dyson,rewardeagle,Appliance Vacuum Cleaner Dyson V6 Mini Motorhead Tool Dyson
https://github.com/oomlout/oomlout_oomp_current_version_messy/tree/main/parts/appliance_vacuum_cleaner_dyson_v6_mini_motorhead_tool_dyson,reward_eagle,Appliance Vacuum Cleaner Dyson V6 Mini Motorhead Tool Dyson
https://github.com/oomlout/oomlout_oomp_current_version_messy/tree/main/parts/appliance_vacuum_cleaner_dyson_v6_mini_motorhead_tool_dyson,reward-eagle,Appliance Vacuum Cleaner Dyson V6 Mini Motorhead Tool Dyson
https://github.com/oomlout/oomlout_oomp_current_version_messy/tree/main/parts/appliance_vacuum_cleaner_dyson_v6_mini_motorhead_tool_dyson,rewardeagleanother,Appliance Vacuum Cleaner Dyson V6 Mini Motorhead Tool Dyson
https://github.com/oomlout/oomlout_oomp_current_version_messy/tree/main/parts/appliance_vacuum_cleaner_dyson_v6_mini_motorhead_tool_dyson,reward_eagle_another,Appliance Vacuum Cleaner Dyson V6 Mini Motorhead Tool Dyson
https://github.com/oomlout/oomlout_oomp_current_version_messy/tree/main/parts/appliance_vacuum_cleaner_dyson_v6_mini_motorhead_tool_dyson,reward-eagle-another,Appliance Vacuum Cleaner Dyson V6 Mini Motorhead Tool Dyson
https://github.com/oomlout/oomlout_oomp_current_version_messy/tree/main/parts/appliance_vacuum_cleaner_dyson_v6_dyson_v6,appliance_vacuum_cleaner_dyson_v6_dyson_v6,Appliance Vacuum Cleaner Dyson V6 Dyson V6
https://github.com/oomlout/oomlout_oomp_current_version_messy/tree/main/parts/appliance_vacuum_cleaner_dyson_v6_dyson_v6,5b17ee,Appliance Vacuum Cleaner Dyson V6 Dyson V6
https://github.com/oomlout/oomlout_oomp_current_version_messy/tree/main/parts/appliance_vacuum_cleaner_dyson_v6_dyson_v6,3jyem,Appliance Vacuum Cleaner Dyson V6 Dyson V6
